{
  "_format": "hh-sol-cache-2",
  "files": {
    "C:\\Users\\SAISH DEEPAK REDKAR\\OneDrive\\Desktop\\BlockChain-main\\contracts\\Upload.sol": {
      "lastModificationDate": 1743146906852,
      "contentHash": "ac293d80cc339f814a06fe5f30fcd3fa",
      "sourceName": "contracts/Upload.sol",
      "solcConfig": {
        "version": "0.8.9",
        "settings": {
          "optimizer": {
            "enabled": false,
            "runs": 200
          },
          "outputSelection": {
            "*": {
              "*": [
                "abi",
                "evm.bytecode",
                "evm.deployedBytecode",
                "evm.methodIdentifiers",
                "metadata"
              ],
              "": [
                "ast"
              ]
            }
          }
        }
      },
      "imports": [],
      "versionPragmas": [
        ">=0.7.0 <0.9.0"
      ],
      "artifacts": [
        "Upload"
      ]
    }
  }
}
